{
  "data": [
    {
      "x": -7.282103,
      "y": 112.747903,
      "val": 1400000
    },
    {
      "x": -7.282103,
      "y": 112.747903,
      "val": 1400000
    }
  ]
}
